,title,url
0,"Daily Discussion Thread - July 07, 2022",https://www.reddit.com/r/nba/comments/vth08y/daily_discussion_thread_july_07_2022/
1,2022 Free Agency,https://www.reddit.com/r/nba/comments/vog2a4/2022_free_agency/
2,[Windhorst] The Nets thought there would be a bidding war for Kevin Durant. They were wrong.,https://www.reddit.com/r/nba/comments/vtil6w/windhorst_the_nets_thought_there_would_be_a/
3,[Reuters] BREAKING: U.S. basketball player Brittney Griner pleaded guilty in a Russian court to drugs charges that could see her face 10 years in prison,https://twitter.com/reuters/status/1545041924574388224?s=21&t=b_JuHkMF2g_q_LoHeNU49Q
4,Can anyone explain to me why NBA fans on social media seem to actively reject the WNBA and everything it tries to do?,https://www.reddit.com/r/nba/comments/vtfxx7/can_anyone_explain_to_me_why_nba_fans_on_social/
5,"Jimmy Butler responds to PJ Tucker's Heat heartfelt Farewell Post: ""fuck you and @joelembiid yeah I brought him into this. ü§∑üèø‚Äç‚ôÇÔ∏è""",https://www.reddit.com/r/nba/comments/vt5gal/jimmy_butler_responds_to_pj_tuckers_heat/
6,"Zion Williamson: ‚ÄúI told the world, if you ever want to know if I want to be here, just ask me and instead of asking me the world just ran with narratives. My family was getting harassed by people and why we don't like New Orleans or why I don't want to be here, when that's not the case at all.‚Äù",https://streamable.com/hhrz1e
7,Pau Gasol practicing ballet with Bianka Bryant,https://streamable.com/i8q9vz
8,"""The market has spoken...the Cavs are comfortable with giving Sexton a number in the low to mid teens."" -Chris Fedor",https://www.reddit.com/r/nba/comments/vtftnr/the_market_has_spokenthe_cavs_are_comfortable/
9,"Vincent Goodwill on Chris Haynes' Pod: ""I heard that Brooklyn came to Minnesota and said, 'We want Karl Anthony Towns, Anthony Edwards, and we want four draft picks.'",https://www.reddit.com/r/nba/comments/vt7u72/vincent_goodwill_on_chris_haynes_pod_i_heard_that/
